{"assets/audios/favicon.png":["assets/audios/favicon.png"],"assets/fonts/Lexend Deca-SemiBold.ttf":["assets/fonts/Lexend Deca-SemiBold.ttf"],"assets/fonts/Montserrat-Medium.ttf":["assets/fonts/Montserrat-Medium.ttf"],"assets/fonts/Montserrat-Regular.ttf":["assets/fonts/Montserrat-Regular.ttf"],"assets/fonts/Montserrat-SemiBold.ttf":["assets/fonts/Montserrat-SemiBold.ttf"],"assets/fonts/favicon.png":["assets/fonts/favicon.png"],"assets/images/9d2ca41e-697f-41c5-bbea-7ed99a27b3c3.png":["assets/images/9d2ca41e-697f-41c5-bbea-7ed99a27b3c3.png"],"assets/images/Icon-512_(2).png":["assets/images/Icon-512_(2).png"],"assets/images/LogoV.png":["assets/images/LogoV.png"],"assets/images/app_launcher_icon.png":["assets/images/app_launcher_icon.png"],"assets/images/error_image.png":["assets/images/error_image.png"],"assets/images/favicon.png":["assets/images/favicon.png"],"assets/images/logoGrande_(1).png":["assets/images/logoGrande_(1).png"],"assets/images/pngtree-vector-add-icon-png-image_956621[2].jpg":["assets/images/pngtree-vector-add-icon-png-image_956621[2].jpg"],"assets/images/sales1.jpeg":["assets/images/sales1.jpeg"],"assets/images/sales2.jpeg":["assets/images/sales2.jpeg"],"assets/images/sales3.jpeg":["assets/images/sales3.jpeg"],"assets/images/sales4.jpeg":["assets/images/sales4.jpeg"],"assets/lottie_animations/favicon.png":["assets/lottie_animations/favicon.png"],"assets/pdfs/favicon.png":["assets/pdfs/favicon.png"],"assets/rive_animations/favicon.png":["assets/rive_animations/favicon.png"],"assets/videos/favicon.png":["assets/videos/favicon.png"],"packages/cupertino_icons/assets/CupertinoIcons.ttf":["packages/cupertino_icons/assets/CupertinoIcons.ttf"],"packages/font_awesome_flutter/lib/fonts/fa-brands-400.ttf":["packages/font_awesome_flutter/lib/fonts/fa-brands-400.ttf"],"packages/font_awesome_flutter/lib/fonts/fa-regular-400.ttf":["packages/font_awesome_flutter/lib/fonts/fa-regular-400.ttf"],"packages/font_awesome_flutter/lib/fonts/fa-solid-900.ttf":["packages/font_awesome_flutter/lib/fonts/fa-solid-900.ttf"]}